﻿<?xml version="1.0" encoding="utf-8" ?>
<Nodes>
  <TreeViewNode Text="Main Header" NavigateUrl="#MainHeader">
      <TreeViewNode Text="h2. Header" NavigateUrl="#h2Header">
          <TreeViewNode Text="h3. Sub Header" NavigateUrl="#h3SubHeader" />
      </TreeViewNode>
  </TreeViewNode>
  <TreeViewNode Text="Headings" NavigateUrl="#Headings" />
  <TreeViewNode Text="Lists" NavigateUrl="#Lists" />
  <TreeViewNode Text="Ordered Lists" NavigateUrl="#OrderedLists" />
  <TreeViewNode Text="Inline text elements" NavigateUrl="#InlineTextElements" />
  <TreeViewNode Text="Page break" NavigateUrl="#PageBreak" />
  <TreeViewNode Text="Blockquote" NavigateUrl="#Blockquote" />
  <TreeViewNode Text="Responsive images" NavigateUrl="#ResponsiveImages" />
  <TreeViewNode Text="Responsive tables" NavigateUrl="#ResponsiveTables" />
  <TreeViewNode Text="Code/Control Area Block" NavigateUrl="#CodeControlAreaBlock" />
</Nodes>
