﻿<?xml version="1.0" encoding="utf-8" ?>
<Nodes>
  <TreeViewNode Text="Responsive Web Application" NavigateUrl="#ResponsiveWebApplication">
    <TreeViewNode Text="Navigation Bar" NavigateUrl="#navbar" />
    <TreeViewNode Text="Sidebars" NavigateUrl="#sidebar" />
    <TreeViewNode Text="Adaptive Toolbar" NavigateUrl="#toolbar" />
    <TreeViewNode Text="Sticky Footer" NavigateUrl="#stickyFooter" />
  </TreeViewNode>
  <TreeViewNode Text="Content Pages" NavigateUrl="#content">
    <TreeViewNode Text="Grid View" NavigateUrl="#grid" />
    <TreeViewNode Text="Scheduler" NavigateUrl="#scheduler" />
    <TreeViewNode Text="Article" NavigateUrl="#article" />
    <TreeViewNode Text="SignIn/Register" NavigateUrl="#signin" />
  </TreeViewNode>
</Nodes>